PatientID,Name,Age,Gender,ContactNumber
1,Patient_1,26,F,9876543201
2,Patient_2,27,M,9876543202
3,Patient_3,28,F,9876543203
4,Patient_4,29,M,9876543204
5,Patient_5,30,F,9876543205
6,Patient_6,31,M,9876543206
7,Patient_7,32,F,9876543207
8,Patient_8,33,M,9876543208
9,Patient_9,34,F,9876543209
10,Patient_10,35,M,9876543210
11,Patient_11,36,F,9876543211
12,Patient_12,37,M,9876543212
13,Patient_13,38,F,9876543213
14,Patient_14,39,M,9876543214
15,Patient_15,40,F,9876543215
16,Patient_16,41,M,9876543216
17,Patient_17,42,F,9876543217
18,Patient_18,43,M,9876543218
19,Patient_19,44,F,9876543219
20,Patient_20,45,M,9876543220
21,Patient_21,46,F,9876543221
22,Patient_22,47,M,9876543222
23,Patient_23,48,F,9876543223
24,Patient_24,49,M,9876543224
25,Patient_25,50,F,9876543225
26,Patient_26,51,M,9876543226
27,Patient_27,52,F,9876543227
28,Patient_28,53,M,9876543228
29,Patient_29,54,F,9876543229
30,Patient_30,25,M,9876543230
31,Patient_31,26,F,9876543231
32,Patient_32,27,M,9876543232
33,Patient_33,28,F,9876543233
34,Patient_34,29,M,9876543234
35,Patient_35,30,F,9876543235
36,Patient_36,31,M,9876543236
37,Patient_37,32,F,9876543237
38,Patient_38,33,M,9876543238
39,Patient_39,34,F,9876543239
40,Patient_40,35,M,9876543240
